"search-number","evaluation","evals-requested-so-far","density*","probability-of-spread*","south-wind-speed*","west-wind-speed*","random-seed","min-result","max-result","mean-result","stdev-result","final-step-result"
"1","1","160","95","87","8","21","""-850445860""","39.11781970649895","39.11781970649895","39.11781970649895","0","39.11781970649895"
"1","2","160","95","87","8","21","""-253657527""","39.061792191668204","39.061792191668204","39.061792191668204","0","39.061792191668204"
"1","3","160","95","87","8","21","""281278102""","39.02152379033612","39.02152379033612","39.02152379033612","0","39.02152379033612"
"1","4","160","95","87","8","21","""-861844380""","39.08752764560016","39.08752764560016","39.08752764560016","0","39.08752764560016"
"1","5","160","95","87","8","21","""-764734402""","39.22718589765072","39.22718589765072","39.22718589765072","0","39.22718589765072"
"1","6","160","95","87","8","21","""466127198""","39.25475004611695","39.25475004611695","39.25475004611695","0","39.25475004611695"
"1","7","160","95","87","8","21","""-13482009""","38.865750848083835","38.865750848083835","38.865750848083835","0","38.865750848083835"
"1","8","160","95","87","8","21","""-1099404140""","39.16178912237744","39.16178912237744","39.16178912237744","0","39.16178912237744"
"1","9","160","95","87","8","21","""-888515457""","38.99674747677967","38.99674747677967","38.99674747677967","0","38.99674747677967"
"1","10","160","95","87","8","21","""1413411425""","39.011727544608355","39.011727544608355","39.011727544608355","0","39.011727544608355"
"1","11","160","79","99","11","18","""-1586538049""","34.35746295772942","34.35746295772942","34.35746295772942","0","34.35746295772942"
"1","12","160","79","99","11","18","""1559439645""","34.679114128677654","34.679114128677654","34.679114128677654","0","34.679114128677654"
"1","13","160","79","99","11","18","""295941155""","34.25270670779653","34.25270670779653","34.25270670779653","0","34.25270670779653"
"1","14","160","79","99","11","18","""-1969569548""","34.537950473122606","34.537950473122606","34.537950473122606","0","34.537950473122606"
"1","15","160","79","99","11","18","""-633907056""","34.3043049092484","34.3043049092484","34.3043049092484","0","34.3043049092484"
"1","16","160","79","99","11","18","""-1338718722""","34.67945887358998","34.67945887358998","34.67945887358998","0","34.67945887358998"
"1","17","160","79","99","11","18","""-133678424""","34.399209167204646","34.399209167204646","34.399209167204646","0","34.399209167204646"
"1","18","160","79","99","11","18","""1698844923""","34.5088161209068","34.5088161209068","34.5088161209068","0","34.5088161209068"
"1","19","160","79","99","11","18","""-1675720528""","33.799660852713174","33.799660852713174","33.799660852713174","0","33.799660852713174"
"1","20","160","79","99","11","18","""32598695""","33.830233590188406","33.830233590188406","33.830233590188406","0","33.830233590188406"
"1","21","160","49","69","15","11","""-557579490""","1.5313935681470139","1.5313935681470139","1.5313935681470139","0","1.5313935681470139"
"1","22","160","49","69","15","11","""-1619133483""","1.7985845074995128","1.7985845074995128","1.7985845074995128","0","1.7985845074995128"
"1","23","160","49","69","15","11","""244364255""","1.9033154527241","1.9033154527241","1.9033154527241","0","1.9033154527241"
"1","24","160","49","69","15","11","""-684734216""","1.7235793429663706","1.7235793429663706","1.7235793429663706","0","1.7235793429663706"
"1","25","160","49","69","15","11","""1071977859""","1.7262196116821666","1.7262196116821666","1.7262196116821666","0","1.7262196116821666"
"1","26","160","49","69","15","11","""126320959""","1.924389688912005","1.924389688912005","1.924389688912005","0","1.924389688912005"
"1","27","160","49","69","15","11","""-518351610""","1.8076178179470628","1.8076178179470628","1.8076178179470628","0","1.8076178179470628"
"1","28","160","49","69","15","11","""412928809""","1.4728354520922067","1.4728354520922067","1.4728354520922067","0","1.4728354520922067"
"1","29","160","49","69","15","11","""-49159947""","1.558962416715182","1.558962416715182","1.558962416715182","0","1.558962416715182"
"1","30","160","49","69","15","11","""-227003959""","1.874736466543414","1.874736466543414","1.874736466543414","0","1.874736466543414"
"1","31","160","74","57","8","19","""35150586""","5.507158875280317","5.507158875280317","5.507158875280317","0","5.507158875280317"
"1","32","160","74","57","8","19","""-1198919126""","4.126949973103819","4.126949973103819","4.126949973103819","0","4.126949973103819"
"1","33","160","74","57","8","19","""-920090145""","4.02460797177827","4.02460797177827","4.02460797177827","0","4.02460797177827"
"1","34","160","74","57","8","19","""1504016276""","3.295875312150177","3.295875312150177","3.295875312150177","0","3.295875312150177"
"1","35","160","74","57","8","19","""1808346469""","2.920902981216612","2.920902981216612","2.920902981216612","0","2.920902981216612"
"1","36","160","74","57","8","19","""475263613""","4.504543208815758","4.504543208815758","4.504543208815758","0","4.504543208815758"
"1","37","160","74","57","8","19","""-1950163932""","3.7080850880777754","3.7080850880777754","3.7080850880777754","0","3.7080850880777754"
"1","38","160","74","57","8","19","""-1692715863""","3.4904990423723343","3.4904990423723343","3.4904990423723343","0","3.4904990423723343"
"1","39","160","74","57","8","19","""267587020""","4.502002325280972","4.502002325280972","4.502002325280972","0","4.502002325280972"
"1","40","160","74","57","8","19","""701523291""","4.841380793633724","4.841380793633724","4.841380793633724","0","4.841380793633724"
"1","41","160","80","67","15","20","""-1657801765""","26.422318383951183","26.422318383951183","26.422318383951183","0","26.422318383951183"
"1","42","160","80","67","15","20","""1830515322""","26.585244762188466","26.585244762188466","26.585244762188466","0","26.585244762188466"
"1","43","160","80","67","15","20","""-1768527140""","24.524836288132885","24.524836288132885","24.524836288132885","0","24.524836288132885"
"1","44","160","80","67","15","20","""191665138""","25.88715295054234","25.88715295054234","25.88715295054234","0","25.88715295054234"
"1","45","160","80","67","15","20","""-408929338""","25.735499580855052","25.735499580855052","25.735499580855052","0","25.735499580855052"
"1","46","160","80","67","15","20","""-1664146041""","26.55693330414187","26.55693330414187","26.55693330414187","0","26.55693330414187"
"1","47","160","80","67","15","20","""1761735547""","25.474070821190466","25.474070821190466","25.474070821190466","0","25.474070821190466"
"1","48","160","80","67","15","20","""2038051166""","26.427762658667888","26.427762658667888","26.427762658667888","0","26.427762658667888"
"1","49","160","80","67","15","20","""-1439701364""","25.755521888206683","25.755521888206683","25.755521888206683","0","25.755521888206683"
"1","50","160","80","67","15","20","""-2088392129""","26.53012288939954","26.53012288939954","26.53012288939954","0","26.53012288939954"
"1","51","160","96","60","15","5","""-709977424""","26.421171470314782","26.421171470314782","26.421171470314782","0","26.421171470314782"
"1","52","160","96","60","15","5","""-728827678""","26.350039011271768","26.350039011271768","26.350039011271768","0","26.350039011271768"
"1","53","160","96","60","15","5","""271143416""","26.36775467533976","26.36775467533976","26.36775467533976","0","26.36775467533976"
"1","54","160","96","60","15","5","""2136266476""","25.798057480027847","25.798057480027847","25.798057480027847","0","25.798057480027847"
"1","55","160","96","60","15","5","""653817601""","26.822428355707483","26.822428355707483","26.822428355707483","0","26.822428355707483"
"1","56","160","96","60","15","5","""-1743141873""","26.62982141671646","26.62982141671646","26.62982141671646","0","26.62982141671646"
"1","57","160","96","60","15","5","""-1186797417""","26.315090990527697","26.315090990527697","26.315090990527697","0","26.315090990527697"
"1","58","160","96","60","15","5","""-200986808""","26.17555640509948","26.17555640509948","26.17555640509948","0","26.17555640509948"
"1","59","160","96","60","15","5","""-2146069280""","25.768254863264733","25.768254863264733","25.768254863264733","0","25.768254863264733"
"1","60","160","96","60","15","5","""2004361154""","25.98333720582866","25.98333720582866","25.98333720582866","0","25.98333720582866"
"1","61","160","81","59","19","15","""-819731933""","13.947311468314085","13.947311468314085","13.947311468314085","0","13.947311468314085"
"1","62","160","81","59","19","15","""1927588738""","13.714858254258267","13.714858254258267","13.714858254258267","0","13.714858254258267"
"1","63","160","81","59","19","15","""-759419709""","10.107260726072607","10.107260726072607","10.107260726072607","0","10.107260726072607"
"1","64","160","81","59","19","15","""1007359247""","14.974274055236855","14.974274055236855","14.974274055236855","0","14.974274055236855"
"1","65","160","81","59","19","15","""-1933627064""","13.022571148184495","13.022571148184495","13.022571148184495","0","13.022571148184495"
"1","66","160","81","59","19","15","""-1397345841""","14.345044779057178","14.345044779057178","14.345044779057178","0","14.345044779057178"
"1","67","160","81","59","19","15","""-1801648190""","13.036027340595268","13.036027340595268","13.036027340595268","0","13.036027340595268"
"1","68","160","81","59","19","15","""1874007214""","12.23766586604717","12.23766586604717","12.23766586604717","0","12.23766586604717"
"1","69","160","81","59","19","15","""-115546962""","14.020439910993836","14.020439910993836","14.020439910993836","0","14.020439910993836"
"1","70","160","81","59","19","15","""-505174017""","15.321658186407921","15.321658186407921","15.321658186407921","0","15.321658186407921"
"1","71","160","42","66","22","16","""600131773""","1.6139420344762265","1.6139420344762265","1.6139420344762265","0","1.6139420344762265"
"1","72","160","42","66","22","16","""1949363129""","1.7972926857012854","1.7972926857012854","1.7972926857012854","0","1.7972926857012854"
"1","73","160","42","66","22","16","""-1641332298""","1.679062429569529","1.679062429569529","1.679062429569529","0","1.679062429569529"
"1","74","160","42","66","22","16","""1417822038""","1.6776875118080483","1.6776875118080483","1.6776875118080483","0","1.6776875118080483"
"1","75","160","42","66","22","16","""-901300500""","1.6953018093355632","1.6953018093355632","1.6953018093355632","0","1.6953018093355632"
"1","76","160","42","66","22","16","""-1747295578""","1.5916720099573793","1.5916720099573793","1.5916720099573793","0","1.5916720099573793"
"1","77","160","42","66","22","16","""-1414791109""","1.596571731957981","1.596571731957981","1.596571731957981","0","1.596571731957981"
"1","78","160","42","66","22","16","""2099914567""","1.7475728155339807","1.7475728155339807","1.7475728155339807","0","1.7475728155339807"
"1","79","160","42","66","22","16","""-176615327""","1.6239186522992868","1.6239186522992868","1.6239186522992868","0","1.6239186522992868"
"1","80","160","42","66","22","16","""844968701""","1.507290285930695","1.507290285930695","1.507290285930695","0","1.507290285930695"
"1","81","160","58","93","5","12","""923804545""","6.542081796664282","6.542081796664282","6.542081796664282","0","6.542081796664282"
"1","82","160","58","93","5","12","""-580507152""","5.679250482226509","5.679250482226509","5.679250482226509","0","5.679250482226509"
"1","83","160","58","93","5","12","""1582475663""","8.093274718073342","8.093274718073342","8.093274718073342","0","8.093274718073342"
"1","84","160","58","93","5","12","""-1531924916""","11.599857131082231","11.599857131082231","11.599857131082231","0","11.599857131082231"
"1","85","160","58","93","5","12","""-1996618585""","9.130804465289778","9.130804465289778","9.130804465289778","0","9.130804465289778"
"1","86","160","58","93","5","12","""924962613""","6.935607722685388","6.935607722685388","6.935607722685388","0","6.935607722685388"
"1","87","160","58","93","5","12","""-357743217""","8.30132777351037","8.30132777351037","8.30132777351037","0","8.30132777351037"
"1","88","160","58","93","5","12","""1761829519""","5.684308568923954","5.684308568923954","5.684308568923954","0","5.684308568923954"
"1","89","160","58","93","5","12","""-3336653""","5.773482925231349","5.773482925231349","5.773482925231349","0","5.773482925231349"
"1","90","160","58","93","5","12","""-1919894258""","6.717565637701857","6.717565637701857","6.717565637701857","0","6.717565637701857"
"1","91","160","97","76","25","24","""-1422159366""","39.55876071886191","39.55876071886191","39.55876071886191","0","39.55876071886191"
"1","92","160","97","76","25","24","""-315070808""","39.44484664999342","39.44484664999342","39.44484664999342","0","39.44484664999342"
"1","93","160","97","76","25","24","""-517118761""","39.57432821102802","39.57432821102802","39.57432821102802","0","39.57432821102802"
"1","94","160","97","76","25","24","""704699667""","39.46348194631534","39.46348194631534","39.46348194631534","0","39.46348194631534"
"1","95","160","97","76","25","24","""-231968961""","39.58593493263227","39.58593493263227","39.58593493263227","0","39.58593493263227"
"1","96","160","97","76","25","24","""852785238""","39.6523396424816","39.6523396424816","39.6523396424816","0","39.6523396424816"
"1","97","160","97","76","25","24","""-1510787652""","39.60270776510795","39.60270776510795","39.60270776510795","0","39.60270776510795"
"1","98","160","97","76","25","24","""33954730""","39.55627083572825","39.55627083572825","39.55627083572825","0","39.55627083572825"
"1","99","160","97","76","25","24","""-1269034857""","39.56773091577979","39.56773091577979","39.56773091577979","0","39.56773091577979"
"1","100","160","97","76","25","24","""778675059""","39.58490566037736","39.58490566037736","39.58490566037736","0","39.58490566037736"
"1","101","160","59","42","24","21","""-66721651""","1.4840244363950912","1.4840244363950912","1.4840244363950912","0","1.4840244363950912"
"1","102","160","59","42","24","21","""271006305""","1.1854612227262906","1.1854612227262906","1.1854612227262906","0","1.1854612227262906"
"1","103","160","59","42","24","21","""1143146514""","1.5583428354237931","1.5583428354237931","1.5583428354237931","0","1.5583428354237931"
"1","104","160","59","42","24","21","""186632369""","1.3270987620952484","1.3270987620952484","1.3270987620952484","0","1.3270987620952484"
"1","105","160","59","42","24","21","""-1183712154""","1.3155411780563417","1.3155411780563417","1.3155411780563417","0","1.3155411780563417"
"1","106","160","59","42","24","21","""-367125024""","1.286034636479075","1.286034636479075","1.286034636479075","0","1.286034636479075"
"1","107","160","59","42","24","21","""-1897164465""","1.0975346020761245","1.0975346020761245","1.0975346020761245","0","1.0975346020761245"
"1","108","160","59","42","24","21","""-376022611""","1.2970450166879224","1.2970450166879224","1.2970450166879224","0","1.2970450166879224"
"1","109","160","59","42","24","21","""808840357""","1.3430617484123768","1.3430617484123768","1.3430617484123768","0","1.3430617484123768"
"1","110","160","59","42","24","21","""83913653""","1.3502223420024255","1.3502223420024255","1.3502223420024255","0","1.3502223420024255"
"1","111","160","81","72","16","10","""-1621567694""","26.961857968783914","26.961857968783914","26.961857968783914","0","26.961857968783914"
"1","112","160","81","72","16","10","""760179539""","27.23169409677737","27.23169409677737","27.23169409677737","0","27.23169409677737"
"1","113","160","81","72","16","10","""-1564252773""","26.689315240657464","26.689315240657464","26.689315240657464","0","26.689315240657464"
"1","114","160","81","72","16","10","""-605132167""","25.84227552469623","25.84227552469623","25.84227552469623","0","25.84227552469623"
"1","115","160","81","72","16","10","""-865724607""","27.510178392305722","27.510178392305722","27.510178392305722","0","27.510178392305722"
"1","116","160","81","72","16","10","""112755479""","26.624639132740235","26.624639132740235","26.624639132740235","0","26.624639132740235"
"1","117","160","81","72","16","10","""883501439""","26.418694309486813","26.418694309486813","26.418694309486813","0","26.418694309486813"
"1","118","160","81","72","16","10","""-679173036""","26.669157702216367","26.669157702216367","26.669157702216367","0","26.669157702216367"
"1","119","160","81","72","16","10","""1396483029""","27.23084193116484","27.23084193116484","27.23084193116484","0","27.23084193116484"
"1","120","160","81","72","16","10","""-337394436""","26.60769640847434","26.60769640847434","26.60769640847434","0","26.60769640847434"
"1","121","160","78","94","20","6","""1173559313""","33.67259699548101","33.67259699548101","33.67259699548101","0","33.67259699548101"
"1","122","160","78","94","20","6","""2142848379""","33.24682755379365","33.24682755379365","33.24682755379365","0","33.24682755379365"
"1","123","160","78","94","20","6","""-453117747""","33.55082067489041","33.55082067489041","33.55082067489041","0","33.55082067489041"
"1","124","160","78","94","20","6","""813834827""","33.86026183036171","33.86026183036171","33.86026183036171","0","33.86026183036171"
"1","125","160","78","94","20","6","""-1506501573""","33.312867112830276","33.312867112830276","33.312867112830276","0","33.312867112830276"
"1","126","160","78","94","20","6","""1744770975""","34.29448480507521","34.29448480507521","34.29448480507521","0","34.29448480507521"
"1","127","160","78","94","20","6","""1451167380""","34.09819987331685","34.09819987331685","34.09819987331685","0","34.09819987331685"
"1","128","160","78","94","20","6","""-966911165""","33.28832975350312","33.28832975350312","33.28832975350312","0","33.28832975350312"
"1","129","160","78","94","20","6","""2116342382""","33.8619593134657","33.8619593134657","33.8619593134657","0","33.8619593134657"
"1","130","160","78","94","20","6","""-463717595""","33.767432321575065","33.767432321575065","33.767432321575065","0","33.767432321575065"
"1","131","160","96","84","14","13","""998171855""","38.69633125083078","38.69633125083078","38.69633125083078","0","38.69633125083078"
"1","132","160","96","84","14","13","""1307059758""","38.646813737695666","38.646813737695666","38.646813737695666","0","38.646813737695666"
"1","133","160","96","84","14","13","""-539365827""","38.64006109100568","38.64006109100568","38.64006109100568","0","38.64006109100568"
"1","134","160","96","84","14","13","""-303352813""","38.74865156418554","38.74865156418554","38.74865156418554","0","38.74865156418554"
"1","135","160","96","84","14","13","""1314976528""","38.56345885634588","38.56345885634588","38.56345885634588","0","38.56345885634588"
"1","136","160","96","84","14","13","""456275674""","38.58563059100792","38.58563059100792","38.58563059100792","0","38.58563059100792"
"1","137","160","96","84","14","13","""71049097""","38.612368024132735","38.612368024132735","38.612368024132735","0","38.612368024132735"
"1","138","160","96","84","14","13","""1863664616""","38.69280828740288","38.69280828740288","38.69280828740288","0","38.69280828740288"
"1","139","160","96","84","14","13","""-303869667""","38.71048169941159","38.71048169941159","38.71048169941159","0","38.71048169941159"
"1","140","160","96","84","14","13","""-516084323""","38.62999153906133","38.62999153906133","38.62999153906133","0","38.62999153906133"
"1","141","160","73","40","19","13","""-807345805""","1.2422360248447204","1.2422360248447204","1.2422360248447204","0","1.2422360248447204"
"1","142","160","73","40","19","13","""827190766""","1.307089372509524","1.307089372509524","1.307089372509524","0","1.307089372509524"
"1","143","160","73","40","19","13","""971011735""","1.154056717398445","1.154056717398445","1.154056717398445","0","1.154056717398445"
"1","144","160","73","40","19","13","""845349699""","1.2593415691657406","1.2593415691657406","1.2593415691657406","0","1.2593415691657406"
"1","145","160","73","40","19","13","""354391113""","1.1590343563102983","1.1590343563102983","1.1590343563102983","0","1.1590343563102983"
"1","146","160","73","40","19","13","""-541438034""","1.32053608517895","1.32053608517895","1.32053608517895","0","1.32053608517895"
"1","147","160","73","40","19","13","""156566682""","1.2470295842508012","1.2470295842508012","1.2470295842508012","0","1.2470295842508012"
"1","148","160","73","40","19","13","""-835886583""","1.123546288793009","1.123546288793009","1.123546288793009","0","1.123546288793009"
"1","149","160","73","40","19","13","""-1691502034""","1.2379161016578453","1.2379161016578453","1.2379161016578453","0","1.2379161016578453"
"1","150","160","73","40","19","13","""1091612547""","1.171720717953219","1.171720717953219","1.171720717953219","0","1.171720717953219"
"1","151","160","91","85","10","5","""-1942084619""","35.46834246503405","35.46834246503405","35.46834246503405","0","35.46834246503405"
"1","152","160","91","85","10","5","""1764770732""","35.94100729517396","35.94100729517396","35.94100729517396","0","35.94100729517396"
"1","153","160","91","85","10","5","""-1550400397""","35.57500786245938","35.57500786245938","35.57500786245938","0","35.57500786245938"
"1","154","160","91","85","10","5","""-2066124638""","35.50878176055475","35.50878176055475","35.50878176055475","0","35.50878176055475"
"1","155","160","91","85","10","5","""1661012224""","35.728060025945794","35.728060025945794","35.728060025945794","0","35.728060025945794"
"1","156","160","91","85","10","5","""582191378""","35.55976630348966","35.55976630348966","35.55976630348966","0","35.55976630348966"
"1","157","160","91","85","10","5","""-633982629""","35.82494529540482","35.82494529540482","35.82494529540482","0","35.82494529540482"
"1","158","160","91","85","10","5","""-1645161682""","35.641012152138465","35.641012152138465","35.641012152138465","0","35.641012152138465"
"1","159","160","91","85","10","5","""-497669868""","35.64481362704379","35.64481362704379","35.64481362704379","0","35.64481362704379"
"1","160","160","91","85","10","5","""1688489996""","35.45116002587548","35.45116002587548","35.45116002587548","0","35.45116002587548"
"1","161","170","71","81","5","15","""-537994702""","24.053336931102717","24.053336931102717","24.053336931102717","0","24.053336931102717"
"1","162","170","71","81","5","15","""1885021329""","23.945126223246774","23.945126223246774","23.945126223246774","0","23.945126223246774"
"1","163","170","71","81","5","15","""-1219748585""","19.32022674104733","19.32022674104733","19.32022674104733","0","19.32022674104733"
"1","164","170","71","81","5","15","""1143567925""","23.39705519822505","23.39705519822505","23.39705519822505","0","23.39705519822505"
"1","165","170","71","81","5","15","""693540433""","23.59120229349579","23.59120229349579","23.59120229349579","0","23.59120229349579"
"1","166","170","71","81","5","15","""-1931961475""","24.54801124949779","24.54801124949779","24.54801124949779","0","24.54801124949779"
"1","167","170","71","81","5","15","""-156821460""","22.654605705073664","22.654605705073664","22.654605705073664","0","22.654605705073664"
"1","168","170","71","81","5","15","""-1444553271""","24.245075604612552","24.245075604612552","24.245075604612552","0","24.245075604612552"
"1","169","170","71","81","5","15","""-1057695402""","23.436660096756853","23.436660096756853","23.436660096756853","0","23.436660096756853"
"1","170","170","71","81","5","15","""227364555""","22.82391504456568","22.82391504456568","22.82391504456568","0","22.82391504456568"
"1","171","180","65","42","18","24","""-763547365""","1.5791782424331042","1.5791782424331042","1.5791782424331042","0","1.5791782424331042"
"1","172","180","65","42","18","24","""-1887691756""","1.3764743542389994","1.3764743542389994","1.3764743542389994","0","1.3764743542389994"
"1","173","180","65","42","18","24","""-828381866""","1.467989002356638","1.467989002356638","1.467989002356638","0","1.467989002356638"
"1","174","180","65","42","18","24","""-1469164854""","1.4675767918088738","1.4675767918088738","1.4675767918088738","0","1.4675767918088738"
"1","175","180","65","42","18","24","""1389690671""","1.6680485782568404","1.6680485782568404","1.6680485782568404","0","1.6680485782568404"
"1","176","180","65","42","18","24","""1802305419""","1.4285714285714286","1.4285714285714286","1.4285714285714286","0","1.4285714285714286"
"1","177","180","65","42","18","24","""-540128455""","1.4120698937888503","1.4120698937888503","1.4120698937888503","0","1.4120698937888503"
"1","178","180","65","42","18","24","""-1879349992""","1.6053807256124504","1.6053807256124504","1.6053807256124504","0","1.6053807256124504"
"1","179","180","65","42","18","24","""209426174""","1.4599609375","1.4599609375","1.4599609375","0","1.4599609375"
"1","180","180","65","42","18","24","""-1371837658""","1.4826490653399995","1.4826490653399995","1.4826490653399995","0","1.4826490653399995"
"1","181","190","72","80","11","13","""902782687""","25.008329446258415","25.008329446258415","25.008329446258415","0","25.008329446258415"
"1","182","190","72","80","11","13","""-1673942000""","24.623382369206944","24.623382369206944","24.623382369206944","0","24.623382369206944"
"1","183","190","72","80","11","13","""602007494""","25.88848174473533","25.88848174473533","25.88848174473533","0","25.88848174473533"
"1","184","190","72","80","11","13","""1716161045""","21.88660888024058","21.88660888024058","21.88660888024058","0","21.88660888024058"
"1","185","190","72","80","11","13","""-406917278""","24.62795319054979","24.62795319054979","24.62795319054979","0","24.62795319054979"
"1","186","190","72","80","11","13","""2023258135""","24.701821159080346","24.701821159080346","24.701821159080346","0","24.701821159080346"
"1","187","190","72","80","11","13","""-1185713266""","24.30897722000044","24.30897722000044","24.30897722000044","0","24.30897722000044"
"1","188","190","72","80","11","13","""572552732""","22.39129473172026","22.39129473172026","22.39129473172026","0","22.39129473172026"
"1","189","190","72","80","11","13","""-42771225""","22.988378772480225","22.988378772480225","22.988378772480225","0","22.988378772480225"
"1","190","190","72","80","11","13","""279245915""","24.035516093229745","24.035516093229745","24.035516093229745","0","24.035516093229745"
"1","191","200","83","40","23","19","""248026823""","2.1071989578943335","2.1071989578943335","2.1071989578943335","0","2.1071989578943335"
"1","192","200","83","40","23","19","""151620316""","2.2720725219428815","2.2720725219428815","2.2720725219428815","0","2.2720725219428815"
"1","193","200","83","40","23","19","""108956686""","1.7118429628493654","1.7118429628493654","1.7118429628493654","0","1.7118429628493654"
"1","194","200","83","40","23","19","""113085574""","2.0278688210377016","2.0278688210377016","2.0278688210377016","0","2.0278688210377016"
"1","195","200","83","40","23","19","""-878535084""","1.9814551190796816","1.9814551190796816","1.9814551190796816","0","1.9814551190796816"
"1","196","200","83","40","23","19","""1892803360""","2.4804803652617644","2.4804803652617644","2.4804803652617644","0","2.4804803652617644"
"1","197","200","83","40","23","19","""1206459376""","2.5363641604058182","2.5363641604058182","2.5363641604058182","0","2.5363641604058182"
"1","198","200","83","40","23","19","""-798624575""","2.0253115863979074","2.0253115863979074","2.0253115863979074","0","2.0253115863979074"
"1","199","200","83","40","23","19","""-378937773""","1.8211888690167117","1.8211888690167117","1.8211888690167117","0","1.8211888690167117"
"1","200","200","83","40","23","19","""1179911527""","2.271632531165103","2.271632531165103","2.271632531165103","0","2.271632531165103"
"1","201","210","55","88","22","17","""-737336300""","4.407153640692138","4.407153640692138","4.407153640692138","0","4.407153640692138"
"1","202","210","55","88","22","17","""-483690586""","2.8180471223962114","2.8180471223962114","2.8180471223962114","0","2.8180471223962114"
"1","203","210","55","88","22","17","""-548590753""","4.1850537913530035","4.1850537913530035","4.1850537913530035","0","4.1850537913530035"
"1","204","210","55","88","22","17","""2124951942""","3.332752208275221","3.332752208275221","3.332752208275221","0","3.332752208275221"
"1","205","210","55","88","22","17","""-1391942547""","3.3088555423330335","3.3088555423330335","3.3088555423330335","0","3.3088555423330335"
"1","206","210","55","88","22","17","""-414193180""","3.8369026574318252","3.8369026574318252","3.8369026574318252","0","3.8369026574318252"
"1","207","210","55","88","22","17","""1509302597""","4.321911891736251","4.321911891736251","4.321911891736251","0","4.321911891736251"
"1","208","210","55","88","22","17","""-122350055""","5.084500101458097","5.084500101458097","5.084500101458097","0","5.084500101458097"
"1","209","210","55","88","22","17","""-1240917156""","4.389340586209889","4.389340586209889","4.389340586209889","0","4.389340586209889"
"1","210","210","55","88","22","17","""1559461689""","4.113656875018195","4.113656875018195","4.113656875018195","0","4.113656875018195"
"1","211","220","73","55","9","10","""1080932658""","2.412023141502458","2.412023141502458","2.412023141502458","0","2.412023141502458"
"1","212","220","73","55","9","10","""35249857""","2.0454892382842313","2.0454892382842313","2.0454892382842313","0","2.0454892382842313"
"1","213","220","73","55","9","10","""-468996246""","2.5986734804827663","2.5986734804827663","2.5986734804827663","0","2.5986734804827663"
"1","214","220","73","55","9","10","""955396756""","2.119126928471248","2.119126928471248","2.119126928471248","0","2.119126928471248"
"1","215","220","73","55","9","10","""1779738348""","2.1716310195512403","2.1716310195512403","2.1716310195512403","0","2.1716310195512403"
"1","216","220","73","55","9","10","""332040492""","2.1367427808306148","2.1367427808306148","2.1367427808306148","0","2.1367427808306148"
"1","217","220","73","55","9","10","""-709880737""","2.3320365432530488","2.3320365432530488","2.3320365432530488","0","2.3320365432530488"
"1","218","220","73","55","9","10","""1004669070""","2.28251601477951","2.28251601477951","2.28251601477951","0","2.28251601477951"
"1","219","220","73","55","9","10","""67405491""","2.2676967145523195","2.2676967145523195","2.2676967145523195","0","2.2676967145523195"
"1","220","220","73","55","9","10","""1226834344""","2.690837610571148","2.690837610571148","2.690837610571148","0","2.690837610571148"
"1","221","230","86","78","9","24","""1324891474""","36.17420373293713","36.17420373293713","36.17420373293713","0","36.17420373293713"
"1","222","230","86","78","9","24","""1058593397""","35.87932412588062","35.87932412588062","35.87932412588062","0","35.87932412588062"
"1","223","230","86","78","9","24","""-1146046660""","36.591052066757946","36.591052066757946","36.591052066757946","0","36.591052066757946"
"1","224","230","86","78","9","24","""-1856921385""","36.367340135928444","36.367340135928444","36.367340135928444","0","36.367340135928444"
"1","225","230","86","78","9","24","""-1606192137""","36.44225971577994","36.44225971577994","36.44225971577994","0","36.44225971577994"
"1","226","230","86","78","9","24","""-108002522""","36.048842042755346","36.048842042755346","36.048842042755346","0","36.048842042755346"
"1","227","230","86","78","9","24","""-733928544""","36.432672717169844","36.432672717169844","36.432672717169844","0","36.432672717169844"
"1","228","230","86","78","9","24","""-1242192147""","36.3894034827714","36.3894034827714","36.3894034827714","0","36.3894034827714"
"1","229","230","86","78","9","24","""884906917""","36.19780585721421","36.19780585721421","36.19780585721421","0","36.19780585721421"
"1","230","230","86","78","9","24","""-1064025353""","36.363804966709324","36.363804966709324","36.363804966709324","0","36.363804966709324"
"1","231","240","74","75","5","24","""-1505876701""","26.433436799448177","26.433436799448177","26.433436799448177","0","26.433436799448177"
"1","232","240","74","75","5","24","""-1303247777""","28.158455937789455","28.158455937789455","28.158455937789455","0","28.158455937789455"
"1","233","240","74","75","5","24","""572951721""","26.660192079421602","26.660192079421602","26.660192079421602","0","26.660192079421602"
"1","234","240","74","75","5","24","""-1450920778""","26.99135086167849","26.99135086167849","26.99135086167849","0","26.99135086167849"
"1","235","240","74","75","5","24","""-832442548""","26.46329632424275","26.46329632424275","26.46329632424275","0","26.46329632424275"
"1","236","240","74","75","5","24","""725370764""","28.907393063086325","28.907393063086325","28.907393063086325","0","28.907393063086325"
"1","237","240","74","75","5","24","""-2097957419""","27.79809015829319","27.79809015829319","27.79809015829319","0","27.79809015829319"
"1","238","240","74","75","5","24","""-254454807""","28.17826359335508","28.17826359335508","28.17826359335508","0","28.17826359335508"
"1","239","240","74","75","5","24","""390584483""","25.222449639125283","25.222449639125283","25.222449639125283","0","25.222449639125283"
"1","240","240","74","75","5","24","""-440634558""","27.83096162138853","27.83096162138853","27.83096162138853","0","27.83096162138853"
"1","241","250","42","99","15","13","""-604614053""","2.539384846211553","2.539384846211553","2.539384846211553","0","2.539384846211553"
"1","242","250","42","99","15","13","""1138304575""","2.169736693411685","2.169736693411685","2.169736693411685","0","2.169736693411685"
"1","243","250","42","99","15","13","""2119591442""","2.154091634374288","2.154091634374288","2.154091634374288","0","2.154091634374288"
"1","244","250","42","99","15","13","""-1525059097""","2.024734182942463","2.024734182942463","2.024734182942463","0","2.024734182942463"
"1","245","250","42","99","15","13","""319038513""","2.2826873975839335","2.2826873975839335","2.2826873975839335","0","2.2826873975839335"
"1","246","250","42","99","15","13","""-1227135878""","2.1628450024882286","2.1628450024882286","2.1628450024882286","0","2.1628450024882286"
"1","247","250","42","99","15","13","""-944178371""","2.1187249475090666","2.1187249475090666","2.1187249475090666","0","2.1187249475090666"
"1","248","250","42","99","15","13","""-802230828""","2.3415925855872897","2.3415925855872897","2.3415925855872897","0","2.3415925855872897"
"1","249","250","42","99","15","13","""-1511873568""","2.364468656603488","2.364468656603488","2.364468656603488","0","2.364468656603488"
"1","250","250","42","99","15","13","""-1054762623""","2.1321390292451383","2.1321390292451383","2.1321390292451383","0","2.1321390292451383"
"1","251","260","62","90","7","18","""82365620""","9.558729263352221","9.558729263352221","9.558729263352221","0","9.558729263352221"
"1","252","260","62","90","7","18","""1421033652""","16.842294182498783","16.842294182498783","16.842294182498783","0","16.842294182498783"
"1","253","260","62","90","7","18","""1225951401""","12.184615384615384","12.184615384615384","12.184615384615384","0","12.184615384615384"
"1","254","260","62","90","7","18","""-1334834683""","11.974459977858448","11.974459977858448","11.974459977858448","0","11.974459977858448"
"1","255","260","62","90","7","18","""1523045481""","13.541586322149376","13.541586322149376","13.541586322149376","0","13.541586322149376"
"1","256","260","62","90","7","18","""499114419""","13.276523440516952","13.276523440516952","13.276523440516952","0","13.276523440516952"
"1","257","260","62","90","7","18","""1630446555""","11.727270394416074","11.727270394416074","11.727270394416074","0","11.727270394416074"
"1","258","260","62","90","7","18","""-1014536247""","12.364151429307237","12.364151429307237","12.364151429307237","0","12.364151429307237"
"1","259","260","62","90","7","18","""1042828533""","11.602522847213285","11.602522847213285","11.602522847213285","0","11.602522847213285"
"1","260","260","62","90","7","18","""-1905640838""","12.946107168569371","12.946107168569371","12.946107168569371","0","12.946107168569371"
"1","261","270","88","87","19","22","""862466539""","36.90672963400236","36.90672963400236","36.90672963400236","0","36.90672963400236"
"1","262","270","88","87","19","22","""45811698""","37.00199383723038","37.00199383723038","37.00199383723038","0","37.00199383723038"
"1","263","270","88","87","19","22","""111627454""","37.30174518491726","37.30174518491726","37.30174518491726","0","37.30174518491726"
"1","264","270","88","87","19","22","""1253861209""","36.910819375282934","36.910819375282934","36.910819375282934","0","36.910819375282934"
"1","265","270","88","87","19","22","""1918691064""","36.83838072254178","36.83838072254178","36.83838072254178","0","36.83838072254178"
"1","266","270","88","87","19","22","""-706868546""","37.02290076335878","37.02290076335878","37.02290076335878","0","37.02290076335878"
"1","267","270","88","87","19","22","""2110140195""","37.0912658043889","37.0912658043889","37.0912658043889","0","37.0912658043889"
"1","268","270","88","87","19","22","""-2080407321""","37.23621634328494","37.23621634328494","37.23621634328494","0","37.23621634328494"
"1","269","270","88","87","19","22","""497161939""","37.242891574998644","37.242891574998644","37.242891574998644","0","37.242891574998644"
"1","270","270","88","87","19","22","""817980428""","36.79151534861872","36.79151534861872","36.79151534861872","0","36.79151534861872"
"1","271","280","75","66","15","18","""-1837240874""","15.167499734127407","15.167499734127407","15.167499734127407","0","15.167499734127407"
"1","272","280","75","66","15","18","""-665460302""","16.422636377159616","16.422636377159616","16.422636377159616","0","16.422636377159616"
"1","273","280","75","66","15","18","""1933393050""","14.994603974014431","14.994603974014431","14.994603974014431","0","14.994603974014431"
"1","274","280","75","66","15","18","""1782812397""","12.671240105540896","12.671240105540896","12.671240105540896","0","12.671240105540896"
"1","275","280","75","66","15","18","""-1814107532""","14.777362338545208","14.777362338545208","14.777362338545208","0","14.777362338545208"
"1","276","280","75","66","15","18","""-32225332""","17.35642429644722","17.35642429644722","17.35642429644722","0","17.35642429644722"
"1","277","280","75","66","15","18","""1431416049""","14.153486890988217","14.153486890988217","14.153486890988217","0","14.153486890988217"
"1","278","280","75","66","15","18","""1832347612""","16.57647333460665","16.57647333460665","16.57647333460665","0","16.57647333460665"
"1","279","280","75","66","15","18","""2049718256""","14.290271810795865","14.290271810795865","14.290271810795865","0","14.290271810795865"
"1","280","280","75","66","15","18","""-1883421234""","15.373999447971295","15.373999447971295","15.373999447971295","0","15.373999447971295"
"1","281","290","91","59","11","5","""291636579""","20.914700417207165","20.914700417207165","20.914700417207165","0","20.914700417207165"
"1","282","290","91","59","11","5","""-762490094""","20.52797754779863","20.52797754779863","20.52797754779863","0","20.52797754779863"
"1","283","290","91","59","11","5","""1695562427""","21.203352974186306","21.203352974186306","21.203352974186306","0","21.203352974186306"
"1","284","290","91","59","11","5","""132778255""","19.847073885059892","19.847073885059892","19.847073885059892","0","19.847073885059892"
"1","285","290","91","59","11","5","""-1989476414""","16.59430692202654","16.59430692202654","16.59430692202654","0","16.59430692202654"
"1","286","290","91","59","11","5","""-413678047""","22.330811265237493","22.330811265237493","22.330811265237493","0","22.330811265237493"
"1","287","290","91","59","11","5","""-332990642""","20.0678903256286","20.0678903256286","20.0678903256286","0","20.0678903256286"
"1","288","290","91","59","11","5","""1739845796""","21.0238011900595","21.0238011900595","21.0238011900595","0","21.0238011900595"
"1","289","290","91","59","11","5","""-1532227588""","18.872913857415547","18.872913857415547","18.872913857415547","0","18.872913857415547"
"1","290","290","91","59","11","5","""1040516633""","21.144017363299028","21.144017363299028","21.144017363299028","0","21.144017363299028"
"1","291","300","77","81","10","20","""-1565426619""","31.9831013916501","31.9831013916501","31.9831013916501","0","31.9831013916501"
"1","292","300","77","81","10","20","""-1345863708""","31.98457382086659","31.98457382086659","31.98457382086659","0","31.98457382086659"
"1","293","300","77","81","10","20","""-733010909""","32.345422425439054","32.345422425439054","32.345422425439054","0","32.345422425439054"
"1","294","300","77","81","10","20","""-546557237""","32.6408144684021","32.6408144684021","32.6408144684021","0","32.6408144684021"
"1","295","300","77","81","10","20","""8476026""","32.10798510550269","32.10798510550269","32.10798510550269","0","32.10798510550269"
"1","296","300","77","81","10","20","""898744756""","32.21005568090083","32.21005568090083","32.21005568090083","0","32.21005568090083"
"1","297","300","77","81","10","20","""1241524726""","32.31523613621725","32.31523613621725","32.31523613621725","0","32.31523613621725"
"1","298","300","77","81","10","20","""260104218""","32.39956074011147","32.39956074011147","32.39956074011147","0","32.39956074011147"
"1","299","300","77","81","10","20","""41043861""","31.918937343772598","31.918937343772598","31.918937343772598","0","31.918937343772598"
"1","300","300","77","81","10","20","""1566203572""","31.9298173015249","31.9298173015249","31.9298173015249","0","31.9298173015249"
